{"cameraMode":{"drawMode":0,"name":"Shaded","section":"Shading Mode"},"sceneLighting":true,"audioPlay":false,"sceneViewState":{"showFog":true,"showMaterialUpdate":false,"showSkybox":true,"showFlares":true,"showImageEffects":true,"showParticleSystems":true},"in2DMode":false,"pivot":{"x":-72.40726470947266,"y":13.158519744873047,"z":79.9894027709961},"rotation":{"x":0.5122646689414978,"y":0.15408717095851899,"z":-0.09400779008865357,"w":0.839645504951477},"size":99.87047576904297,"orthographic":false}