{"cameraMode":{"drawMode":0,"name":"Shaded","section":"Shading Mode"},"sceneLighting":false,"audioPlay":false,"sceneViewState":{"showFog":true,"showMaterialUpdate":false,"showSkybox":false,"showFlares":true,"showImageEffects":true,"showParticleSystems":true},"in2DMode":false,"pivot":{"x":0.0,"y":0.8899999856948853,"z":3.2200000286102297},"rotation":{"x":-0.0409495085477829,"y":0.6554781794548035,"z":-0.03563382104039192,"w":-0.7532608509063721},"size":47.835411071777347,"orthographic":false}